<?xml version='1.0' encoding='UTF-8'?>
<Localization>
  <Words>
    <Word Title="PreClanChest">Lucky Chest</Word>
    <Word Title="descPreClanChest">{image0}{1}  {image2}{3}  {image4}{5}
Chance to win      
     10, 50, 300 {image6}</Word>	
    <!-- Raids -->
    <Word Title="Two_Players">On 2 players</Word> 
    <Word Title="OK">OK</Word>
    <Word Title="raidUpdateVersionMessage">New version available. If the update is not available in the store yet, it will be unlocked soon. Please don't uninstall the app during this period. Thanks for your patience.</Word>
  </Words>
</Localization>
