<?xml version='1.0' encoding='UTF-8'?>
<Localization>
  <Words>
    <Word Title="raidUpdateVersionMessage">Nouvelle version disponible. Si la mise à jour n'est pas encore disponible via le store, elle sera bientôt débloquée. Dans tous les cas de figure, veuillez ne pas désinstaller l'appli. Merci de votre patience.</Word>
    <Word Title="descPreClanChest">{image0}{1}  {image2}{3}  {image4}{5}
Chance de gagner      
     10, 50, 300 {image6}</Word>
    <Word Title="PreClanChest">Coffre porte-bonheur</Word>		 
  </Words>
</Localization>