<?xml version='1.0' encoding='UTF-8'?>
<Localization>
  <Words>
    <Word Title="raidUpdateVersionMessage">È arrivata una nuova versione. Se l'aggiornamento non è ancora disponibile al negozio, lo sarà presto. Nel frattempo, non disinstallare l'applicazione. Grazie per la pazienza.</Word>
    <Word Title="descPreClanChest">{image0}{1}  {image2}{3}  {image4}{5}
Possibilità di vincere      
     10, 50, 300 {image6}</Word>
    <Word Title="PreClanChest">Baule fortunato</Word>		 
  </Words>
</Localization>