<?xml version='1.0' encoding='UTF-8'?>
<Localization>
  <Words>
    <Word Title="raidUpdateVersionMessage">새버전을사용 할수있습니다. 업데이트를아직 상점에서사용할수없는 경우곧잠금해제될것입니다. 이기간동안앱을 삭제하지마십시오. 기다려주셔서 감사합니다.</Word>
    <Word Title="descPreClanChest">{image0}{1}{image2}{3}{image4}{5}
포인트확보기회      
     10, 50, 300 {image6}</Word>	
    <Word Title="PreClanChest">행운의 상자</Word>	
  </Words>
</Localization>