<?xml version='1.0' encoding='UTF-8'?>
<Localization>
  <Words>
    <Word Title="PreClanChest">Сундук удачи</Word>
    <Word Title="descPreClanChest">{image0}{1}  {image2}{3}  {image4}{5}
Шанс выиграть      
     10, 50, 300 {image6}</Word>	
    <!-- Raids -->    
    <Word Title="Two_Players">На 2 игрока</Word>
    <Word Title="OK">OK</Word>
    <Word Title="raidUpdateVersionMessage">Доступна новая версия.
Если ее нет в магазине, значит она появится там в ближайшее время.
Пожалуйста, не удаляйте игру в этот период.
Спасибо за терпение!</Word>
  </Words>
</Localization>
