<?xml version='1.0' encoding='UTF-8'?>
<Localization>
  <Words>
    <Word Title="raidUpdateVersionMessage">Yeni sürüm mevcut. Eğer güncelleme henüz mağazada mevcut değilse yakında açılacaktır. Lütfen bu dönemde uygulamayı silmeyin. Sabrınız için teşekkür ederiz.</Word>
    <Word Title="descPreClanChest">{image0}{1}  {image2}{3}  {image4}{5}
      
     10, 50, 300 {image6} kazanma şansı</Word>
    <Word Title="PreClanChest">Şanslı Sandık</Word>		 
  </Words>
</Localization>