<RaidItems>
  <Items>
    <!-- Consumables -->
    <Consumable Name="Sphere1_Name" Type="MISSILE" RaidChargeDamage="75" Icon="sphere1" Model="magic_fireball" Cooldown="230">
        <Perks>
        <Perk Name="PERK_SPHERE_COOLDOWN">
          <Set Frames="230" AnimationName="RaidChargeSphere1Player"/>
        </Perk>
      </Perks>
    </Consumable>
    <Consumable Name="Sphere2_Name" Type="MISSILE" RaidChargeDamage="500" Icon="sphere2" Model="magic_energy_ball" Cooldown="420">
      <Perks>
        <Perk Name="PERK_SPHERE_COOLDOWN">
          <Set Frames="420" AnimationName="RaidChargeSphere2Player"/>
        </Perk>
      </Perks>
    </Consumable>
    <Consumable Name="Sphere3_Name" Type="MISSILE" RaidChargeDamage="1000" Icon="sphere3" Model="acid_cloud" Cooldown="660">
      <Perks>
        <Perk Name="PERK_SPHERE_COOLDOWN">
          <Set Frames="660" AnimationName="RaidChargeSphere3Player"/>
        </Perk>
      </Perks>
    </Consumable>
    <Consumable Name="HELM_C2_Z2_MONK" Type="EQUIPMENT">
      <Perks>
        <Perk Name="PERK_MONK_SET_WHIRL"/>
      </Perks>
    </Consumable>
    <Consumable Name="ARMOR_C2_Z2_MONK" Type="EQUIPMENT">
      <Perks>
        <Perk Name="PERK_MONK_SET_WHIRL"/>
      </Perks>
    </Consumable>
    <Consumable Name="RANGED_C2_Z2_MONK_SHURIKEN" Type="EQUIPMENT">
      <Perks>
        <Perk Name="PERK_MONK_SET_WHIRL"/>
      </Perks>
    </Consumable>
    <Consumable Name="WEAPON_C2_Z2_MONK_KATAR" Type="EQUIPMENT">
      <Perks>
        <Perk Name="PERK_MONK_SET_WHIRL"/>
      </Perks>
    </Consumable>
    <Consumable Name="MAGIC_C2_Z2_MONK_ROOT_STUN" Type="EQUIPMENT">
      <Perks>
        <Perk Name="PERK_MONK_SET_WHIRL"/>
      </Perks>
    </Consumable>
		
    <!-- HALOWEEN 2016 EQUIPMENT -->
    <Consumable Name="ARMOR_XMAS16_SET" Type="EQUIPMENT">
        <Perks>
          <Perk Name="PERK_ITEM_SPECIAL_OVERHEAT_DEFENSE_ARMOR">
            <Set Aspect="582"/>
          </Perk>
        </Perks>
    </Consumable>
    <Consumable Name="HELM_XMAS16_SET" Type="EQUIPMENT">
        <Perks>
          <Perk Name="PERK_ITEM_SPECIAL_MAGIC_PAIN_RECHARGE_HELM">
            <Set Aspect="582"/>
          </Perk>
        </Perks>
    </Consumable>
    <Consumable Name="WEAPON_XMAS16_SET" Type="EQUIPMENT">
        <Perks>
          <Perk Name="PERK_ITEM_SPECIAL_BLEEDING_WEAPON">
            <Set Aspect="582"/>
          </Perk>
        </Perks>
    </Consumable>
    <Consumable Name="RANGED_XMAS16_SET" Type="EQUIPMENT">
        <Perks>
          <Perk Name="PERK_ITEM_SPECIAL_BLEEDING_WEAPON">
            <Set Aspect="582"/>	
          </Perk>
        </Perks>
    </Consumable>
		
    <!-- XMAS 2016 EQUIPMENT -->
    <Consumable Name="ARMOR_XMAS16_SANTA" Type="EQUIPMENT">
		<Perks>
			<Perk Name="PERK_ITEM_SPECIAL_REGENERATION_ARMOR">
				<Set Aspect="1000"/>
			</Perk>
		</Perks>				
    </Consumable>
    <Consumable Name="HELM_XMAS16_HORNS" Type="EQUIPMENT">
		<Perks>
			<Perk Name="PERK_ITEM_SPECIAL_DAMAGE_RETURN_HELM">
				<Set Aspect="1000"/>
			</Perk>
		</Perks>
    </Consumable>
    <Consumable Name="HELM_XMAS16_SANTA" Type="EQUIPMENT">
		<Perks>
			<Perk Name="PERK_ITEM_SPECIAL_REGENERATION_HELM">
				<Set Aspect="1000"/>
			</Perk>
		</Perks>
    </Consumable>		
    <Consumable Name="WEAPON_XMAS16_CANDY" Type="EQUIPMENT">
		<Perks>
			<Perk Name="PERK_ITEM_SPECIAL_STUN_WEAPON">
				<Set Aspect="1000"/>
			</Perk>
		</Perks>
    </Consumable>
    <Consumable Name="WEAPON_XMAS16_GLAIVE" Type="EQUIPMENT">
		<Perks>
			<Perk Name="PERK_ITEM_SPECIAL_ENFEEBLE_WEAPON">
				<Set Aspect="1000"/>
			</Perk>
		</Perks>
    </Consumable>		
    <Consumable Name="RANGED_XMAS16_COOKIE" Type="EQUIPMENT">
		<Perks>
			<Perk Name="PERK_ITEM_SPECIAL_TIME_BOMB_RANGED">
				<Set Aspect="1000"/>
			</Perk>
		</Perks>
    </Consumable>
    <Consumable Name="MAGIC_XMAS16_ICEBALL" Type="EQUIPMENT">
		<Perks>
			<Perk Name="PERK_ITEM_SPECIAL_BLOODRAGE_MAGIC">
				<Set Aspect="1000"/>
			</Perk>
		</Perks>
    </Consumable>
		
    <!-- St.Valentine equip-->		
    <Consumable Name="ARMOR_VAL17_MANTLE" Type="EQUIPMENT">
		<Perks>
			<Perk Name="PERK_ITEM_SPECIAL_DAMAGE_ABSORPTION_BODY_ARMOR">
				<Set Aspect="1000"/>
			</Perk>
		</Perks>				
    </Consumable>
    <Consumable Name="HELM_VAL17_WINGS" Type="EQUIPMENT">
		<Perks>
			<Perk Name="PERK_ITEM_SPECIAL_REGENERATION_HELM">
				<Set Aspect="1000"/>
			</Perk>
		</Perks>
    </Consumable>	
    <Consumable Name="WEAPON_VAL17_SAI" Type="EQUIPMENT">
		<Perks>
			<Perk Name="PERK_ITEM_SPECIAL_MAGIC_DAMAGE_RECHARGE_WEAPON">
				<Set Aspect="1000"/>
			</Perk>
		</Perks>
    </Consumable>
    <Consumable Name="WEAPON_VAL17_TRIDENT" Type="EQUIPMENT">
		<Perks>
			<Perk Name="PERK_ITEM_SPECIAL_ENFEEBLE_WEAPON">
				<Set Aspect="1000"/>
			</Perk>
		</Perks>
    </Consumable>
    <Consumable Name="WEAPON_VAL17_FANS" Type="EQUIPMENT">
		<Perks>
			<Perk Name="PERK_ITEM_SPECIAL_INTOXICATION_WEAPON">
				<Set Aspect="1000"/>
			</Perk>
		</Perks>
    </Consumable>		
    <Consumable Name="RANGED_VAL17_AXE" Type="EQUIPMENT">
		<Perks>
			<Perk Name="PERK_ITEM_SPECIAL_PRECISION_RANGED">
				<Set Aspect="1000"/>
			</Perk>
		</Perks>
    </Consumable>
		
    <!-- Currencies -->
    <Currency Name="Key0" Group="Raid" Icon="Key0" Hint="hintBase"/>
    <Currency Name="Key1" Group="Raid" Icon="Key1" Hint="hintMegalith"/>
    <Currency Name="Key2" Group="Raid" Icon="Key2" Hint="hintFungus"/>
    <Currency Name="Key3" Group="Raid" Icon="Key3" Hint="hintVortex"/>
    <Currency Name="Key4" Group="Raid" Icon="Key4" Hint="hintFatum"/>
    <Currency Name="Key5" Group="Raid" Icon="Key5" Hint="hintArkhos"/>
	  <Currency Name="Key6" Group="Raid" Icon="Key6" Hint="hintHoaxen"/>
<!--     <Currency Name="AscensionTicket" Group="Raid" Icon="ticket"/> -->
  </Items>

  <Packs>
    <!-- Consumable packs -->
    <Pack Name="Sphere1_Name" Image="sphere1" LootContainerName="Pack_Sphere1_Name" GemsPrice="5" Purchasable="true" Description="DescriptionSphere1" />
    <Pack Name="Sphere2_Name" Image="sphere2" LootContainerName="Pack_Sphere2_Name" GemsPrice="25" Purchasable="true" Description="DescriptionSphere1"/>
    <Pack Name="Sphere3_Name" Image="sphere3" LootContainerName="Pack_Sphere3_Name" GemsPrice="35" Purchasable="true" Description="DescriptionSphere1"/>
    <Pack Name="sphere2Pack_Name" Image="sphere2Pack" LootContainerName="Pack_Sphere2_Name_Sales" GemsPrice="175" Purchasable="true" Description="sphere2Pack_Dsc"/>
    <!-- <Pack Name="Sphere2_Name_Sales" Image="sphere2Pack" LootContainerName="Pack_Sphere2_Name_Sales" GemsPrice="140" Purchasable="true" Description="sphere2Pack_Dsc" DiscountHides="sphere2Pack_Name" StartTime="2016-09-26T06:00:00Z" EndTime="2016-09-27T16:00:00Z"/> -->
    <!-- Currency packs -->
    <Pack Name="Pile_Key0" Image="pile_base_keys" LootContainerName="Pack_Pile_Key0" GemsPrice="30" Purchasable="true" Description="Pile_Key0Dsc"/>
    <Pack Name="Key0_Raid_Enter" LootContainerName="Pack_Key0_Raid_Enter" GemsPrice="6" Purchasable="true" Description="Pile_Key0Dsc" ShopHide="1"/>
    <Pack Name="Key1_Raid_Enter" LootContainerName="Pack_Key1_Raid_Enter" GemsPrice="15" Purchasable="true" Description="Pile_Key0Dsc" ShopHide="1"/>
    <Pack Name="Key2_Raid_Enter" LootContainerName="Pack_Key2_Raid_Enter" GemsPrice="30" Purchasable="true" Description="Pile_Key0Dsc" ShopHide="1"/>
    <Pack Name="Key3_Raid_Enter" LootContainerName="Pack_Key3_Raid_Enter" GemsPrice="50" Purchasable="true" Description="Pile_Key0Dsc" ShopHide="1"/>
    <Pack Name="Key4_Raid_Enter" LootContainerName="Pack_Key4_Raid_Enter" GemsPrice="80" Purchasable="true" Description="Pile_Key0Dsc" ShopHide="1"/>
    <Pack Name="Key5_Raid_Enter" LootContainerName="Pack_Key5_Raid_Enter" GemsPrice="100" Purchasable="true" Description="Pile_Key0Dsc" ShopHide="1"/>
    <Pack Name="Key6_Raid_Enter" LootContainerName="Pack_Key6_Raid_Enter" GemsPrice="150" Purchasable="true" Description="Pile_Key0Dsc" ShopHide="1"/>
    <!--RaidStarterPack-->
    <Pack Name="RaidStarterPack" Image="raid_starterpack" LootContainerName="RaidStarterPack" GemsPrice="249" Purchasable="true" Description="dlgRaidStarterPack" ShopHide="1" DisplayLootEffect="1"/>
    <!--BoosterPack-->
    <Pack Name="BoosterPackLoss" Image="boosterpack" LootContainerName="BoosterPackLoss" GemsPrice="49" Purchasable="true" Description="dlgBoosterPackLoss" ShopHide="1" DisplayLootEffect="1"/>
    <Pack Name="titleBoosterpackBuy" Image="boosterpack" LootContainerName="BoosterPackShop" GemsPrice="99" Purchasable="true" Description="descBoosterpackBuy{textures/raids/spheres_reward/sphere1_icon.png}{4}{textures/raids/spheres_reward/sphere2_icon.png}{2}{textures/raids/spheres_reward/sphere3_icon.png}{1}{textures/misc/ruby.png}" DisplayLootEffect="1"/>
	</Packs>


  <!--  <Consumable Name="Potion1" Type="POTION" Icon="potion1"/>
   <Consumable Name="Potion2" Type="POTION" Icon="potion2"/>
   <Consumable Name="Potion3" Type="POTION" Icon="potion3"/>

   <Pack Name="Potion1_Pack1" Image="potion1" ConsumableName="Potion1" GemsPrice="100" Size="1" Purchasable="true" Description="DescriptionPotion1_Pack1"/>
   <Pack Name="Potion2_Pack1" Image="potion2" ConsumableName="Potion2" GemsPrice="200" Size="10" Purchasable="true" Description="DescriptionPotion2_Pack1"/>
   <Pack Name="Potion3_Pack1" Image="potion3" ConsumableName="Potion3" GemsPrice="300" Size="100" Purchasable="true" Description="DescriptionPotion3_Pack1"/>

   <Consumable Name="Horn1" Type="HORN" Icon="xmas14_gift"/>
   <Consumable Name="Horn2" Type="HORN" Icon="xmas14_gift"/>
   <Consumable Name="Horn3" Type="HORN" Icon="xmas14_gift"/>

   <Pack Name="Horn1_Pack1" Image="xmas14_gift" ConsumableName="Horn1" GemsPrice="100" Size="1" Purchasable="true" Description="DescriptionHorn1_Pack1"/>
   <Pack Name="Horn2_Pack1" Image="xmas14_gift" ConsumableName="Horn2" GemsPrice="200" Size="20" Purchasable="true" Description="DescriptionHorn2_Pack1"/>
   <Pack Name="Horn3_Pack1" Image="xmas14_gift" ConsumableName="Horn3" GemsPrice="300" Size="100" Purchasable="true" Description="DescriptionHorn3_Pack1"/>  -->
</RaidItems>
